Element,Item,Average
Food,Alcoholic Beverages,470.92452830188677
Food,Beer,418.8679245283019
Food,Cereals - Excluding Beer,459.9811320754717
Food,Fruits - Excluding Wine,280.0943396226415
Food,Meat,299.64150943396226
